STATION,DATE,PRCP
GHCND:USW00023160,20101001,0
GHCND:USW00023160,20101002,0
GHCND:USW00023160,20101003,0
GHCND:USW00023160,20101004,0
GHCND:USW00023160,20101005,58
GHCND:USW00023160,20101006,0
GHCND:USW00023160,20101007,0
GHCND:USW00023160,20101008,0
GHCND:USW00023160,20101009,0
GHCND:USW00023160,20101010,0
GHCND:USW00023160,20101011,0
GHCND:USW00023160,20101012,0
GHCND:USW00023160,20101013,0
GHCND:USW00023160,20101014,0
GHCND:USW00023160,20101015,41
GHCND:USW00023160,20101016,0
GHCND:USW00023160,20101017,0
GHCND:USW00023160,20101018,0
GHCND:USW00023160,20101019,0
GHCND:USW00023160,20101020,0
GHCND:USW00023160,20101021,18
GHCND:USW00023160,20101022,0
GHCND:USW00023160,20101023,0
GHCND:USW00023160,20101024,0
GHCND:USW00023160,20101025,0
GHCND:USW00023160,20101026,0
GHCND:USW00023160,20101027,0
GHCND:USW00023160,20101028,0
GHCND:USW00023160,20101029,0
GHCND:USW00023160,20101030,0
GHCND:USW00023160,20101031,0
GHCND:USW00023160,20101101,0
GHCND:USW00023160,20101102,0
GHCND:USW00023160,20101103,0
GHCND:USW00023160,20101104,0
GHCND:USW00023160,20101105,0
GHCND:USW00023160,20101106,0
GHCND:USW00023160,20101107,0
GHCND:USW00023160,20101108,0
GHCND:USW00023160,20101109,0
GHCND:USW00023160,20101110,0
GHCND:USW00023160,20101111,0
GHCND:USW00023160,20101112,0
GHCND:USW00023160,20101113,0
GHCND:USW00023160,20101114,0
GHCND:USW00023160,20101115,0
GHCND:USW00023160,20101116,0
GHCND:USW00023160,20101117,0
GHCND:USW00023160,20101118,0
GHCND:USW00023160,20101119,0
GHCND:USW00023160,20101120,0
GHCND:USW00023160,20101121,0
GHCND:USW00023160,20101122,0
GHCND:USW00023160,20101123,0
GHCND:USW00023160,20101124,0
GHCND:USW00023160,20101125,0
GHCND:USW00023160,20101126,0
GHCND:USW00023160,20101127,0
GHCND:USW00023160,20101128,0
GHCND:USW00023160,20101129,0
GHCND:USW00023160,20101130,0
GHCND:USW00023160,20101201,0
GHCND:USW00023160,20101202,0
GHCND:USW00023160,20101203,0
GHCND:USW00023160,20101204,0
GHCND:USW00023160,20101205,0
GHCND:USW00023160,20101206,0
GHCND:USW00023160,20101207,0
GHCND:USW00023160,20101208,0
GHCND:USW00023160,20101209,0
GHCND:USW00023160,20101210,0
GHCND:USW00023160,20101211,0
GHCND:USW00023160,20101212,0
GHCND:USW00023160,20101213,0
GHCND:USW00023160,20101214,0
GHCND:USW00023160,20101215,0
GHCND:USW00023160,20101216,20
GHCND:USW00023160,20101217,0
GHCND:USW00023160,20101218,0
GHCND:USW00023160,20101219,0
GHCND:USW00023160,20101220,0
GHCND:USW00023160,20101221,0
GHCND:USW00023160,20101222,0
GHCND:USW00023160,20101223,41
GHCND:USW00023160,20101224,0
GHCND:USW00023160,20101225,0
GHCND:USW00023160,20101226,0
GHCND:USW00023160,20101227,0
GHCND:USW00023160,20101228,0
GHCND:USW00023160,20101229,18
GHCND:USW00023160,20101230,38
GHCND:USW00023160,20101231,0
GHCND:USW00023160,20110101,0
GHCND:USW00023160,20110102,0
GHCND:USW00023160,20110103,0
GHCND:USW00023160,20110104,0
GHCND:USW00023160,20110105,0
GHCND:USW00023160,20110106,0
GHCND:USW00023160,20110107,0
GHCND:USW00023160,20110108,0
GHCND:USW00023160,20110109,0
GHCND:USW00023160,20110110,0
GHCND:USW00023160,20110111,0
GHCND:USW00023160,20110112,0
GHCND:USW00023160,20110113,0
GHCND:USW00023160,20110114,0
GHCND:USW00023160,20110115,0
GHCND:USW00023160,20110116,0
GHCND:USW00023160,20110117,0
GHCND:USW00023160,20110118,0
GHCND:USW00023160,20110119,0
GHCND:USW00023160,20110120,0
GHCND:USW00023160,20110121,0
GHCND:USW00023160,20110122,0
GHCND:USW00023160,20110123,0
GHCND:USW00023160,20110124,0
GHCND:USW00023160,20110125,0
GHCND:USW00023160,20110126,0
GHCND:USW00023160,20110127,0
GHCND:USW00023160,20110128,0
GHCND:USW00023160,20110129,0
GHCND:USW00023160,20110130,0
GHCND:USW00023160,20110131,0
GHCND:USW00023160,20110201,0
GHCND:USW00023160,20110202,0
GHCND:USW00023160,20110203,0
GHCND:USW00023160,20110204,0
GHCND:USW00023160,20110205,0
GHCND:USW00023160,20110206,0
GHCND:USW00023160,20110207,0
GHCND:USW00023160,20110208,0
GHCND:USW00023160,20110209,0
GHCND:USW00023160,20110210,0
GHCND:USW00023160,20110211,0
GHCND:USW00023160,20110212,0
GHCND:USW00023160,20110213,0
GHCND:USW00023160,20110214,0
GHCND:USW00023160,20110215,0
GHCND:USW00023160,20110216,0
GHCND:USW00023160,20110217,0
GHCND:USW00023160,20110218,0
GHCND:USW00023160,20110219,0
GHCND:USW00023160,20110220,10
GHCND:USW00023160,20110221,0
GHCND:USW00023160,20110222,0
GHCND:USW00023160,20110223,0
GHCND:USW00023160,20110224,0
GHCND:USW00023160,20110225,0
GHCND:USW00023160,20110226,0
GHCND:USW00023160,20110227,53
GHCND:USW00023160,20110228,0
GHCND:USW00023160,20110301,0
GHCND:USW00023160,20110302,0
GHCND:USW00023160,20110303,0
GHCND:USW00023160,20110304,0
GHCND:USW00023160,20110305,0
GHCND:USW00023160,20110306,0
GHCND:USW00023160,20110307,0
GHCND:USW00023160,20110308,0
GHCND:USW00023160,20110309,0
GHCND:USW00023160,20110310,0
GHCND:USW00023160,20110311,0
GHCND:USW00023160,20110312,0
GHCND:USW00023160,20110313,0
GHCND:USW00023160,20110314,0
GHCND:USW00023160,20110315,0
GHCND:USW00023160,20110316,0
GHCND:USW00023160,20110317,0
GHCND:USW00023160,20110318,0
GHCND:USW00023160,20110319,0
GHCND:USW00023160,20110320,0
GHCND:USW00023160,20110321,5
GHCND:USW00023160,20110322,0
GHCND:USW00023160,20110323,0
GHCND:USW00023160,20110324,0
GHCND:USW00023160,20110325,0
GHCND:USW00023160,20110326,0
GHCND:USW00023160,20110327,0
GHCND:USW00023160,20110328,0
GHCND:USW00023160,20110329,0
GHCND:USW00023160,20110330,0
GHCND:USW00023160,20110331,0
GHCND:USW00023160,20110401,0
GHCND:USW00023160,20110402,0
GHCND:USW00023160,20110403,0
GHCND:USW00023160,20110404,0
GHCND:USW00023160,20110405,0
GHCND:USW00023160,20110406,0
GHCND:USW00023160,20110407,0
GHCND:USW00023160,20110408,0
GHCND:USW00023160,20110409,71
GHCND:USW00023160,20110410,0
GHCND:USW00023160,20110411,0
GHCND:USW00023160,20110412,0
GHCND:USW00023160,20110413,0
GHCND:USW00023160,20110414,0
GHCND:USW00023160,20110415,0
GHCND:USW00023160,20110416,0
GHCND:USW00023160,20110417,0
GHCND:USW00023160,20110418,0
GHCND:USW00023160,20110419,0
GHCND:USW00023160,20110420,0
GHCND:USW00023160,20110421,0
GHCND:USW00023160,20110422,0
GHCND:USW00023160,20110423,0
GHCND:USW00023160,20110424,0
GHCND:USW00023160,20110425,0
GHCND:USW00023160,20110426,0
GHCND:USW00023160,20110427,0
GHCND:USW00023160,20110428,0
GHCND:USW00023160,20110429,0
GHCND:USW00023160,20110430,0
GHCND:USW00023160,20110501,0
GHCND:USW00023160,20110502,0
GHCND:USW00023160,20110503,0
GHCND:USW00023160,20110504,0
GHCND:USW00023160,20110505,0
GHCND:USW00023160,20110506,0
GHCND:USW00023160,20110507,0
GHCND:USW00023160,20110508,0
GHCND:USW00023160,20110509,0
GHCND:USW00023160,20110510,0
GHCND:USW00023160,20110511,0
GHCND:USW00023160,20110512,0
GHCND:USW00023160,20110513,0
GHCND:USW00023160,20110514,0
GHCND:USW00023160,20110515,0
GHCND:USW00023160,20110516,0
GHCND:USW00023160,20110517,0
GHCND:USW00023160,20110518,0
GHCND:USW00023160,20110519,0
GHCND:USW00023160,20110520,0
GHCND:USW00023160,20110521,0
GHCND:USW00023160,20110522,0
GHCND:USW00023160,20110523,0
GHCND:USW00023160,20110524,0
GHCND:USW00023160,20110525,0
GHCND:USW00023160,20110526,0
GHCND:USW00023160,20110527,0
GHCND:USW00023160,20110528,0
GHCND:USW00023160,20110529,0
GHCND:USW00023160,20110530,0
GHCND:USW00023160,20110531,0
GHCND:USW00023160,20110601,0
GHCND:USW00023160,20110602,0
GHCND:USW00023160,20110603,0
GHCND:USW00023160,20110604,0
GHCND:USW00023160,20110605,0
GHCND:USW00023160,20110606,0
GHCND:USW00023160,20110607,0
GHCND:USW00023160,20110608,0
GHCND:USW00023160,20110609,0
GHCND:USW00023160,20110610,0
GHCND:USW00023160,20110611,0
GHCND:USW00023160,20110612,0
GHCND:USW00023160,20110613,0
GHCND:USW00023160,20110614,0
GHCND:USW00023160,20110615,0
GHCND:USW00023160,20110616,0
GHCND:USW00023160,20110617,0
GHCND:USW00023160,20110618,0
GHCND:USW00023160,20110619,0
GHCND:USW00023160,20110620,0
GHCND:USW00023160,20110621,0
GHCND:USW00023160,20110622,0
GHCND:USW00023160,20110623,0
GHCND:USW00023160,20110624,0
GHCND:USW00023160,20110625,0
GHCND:USW00023160,20110626,0
GHCND:USW00023160,20110627,0
GHCND:USW00023160,20110628,0
GHCND:USW00023160,20110629,0
GHCND:USW00023160,20110630,8
GHCND:USW00023160,20110701,0
GHCND:USW00023160,20110702,0
GHCND:USW00023160,20110703,13
GHCND:USW00023160,20110704,112
GHCND:USW00023160,20110705,259
GHCND:USW00023160,20110706,0
GHCND:USW00023160,20110707,0
GHCND:USW00023160,20110708,0
GHCND:USW00023160,20110709,0
GHCND:USW00023160,20110710,0
GHCND:USW00023160,20110711,0
GHCND:USW00023160,20110712,0
GHCND:USW00023160,20110713,0
GHCND:USW00023160,20110714,0
GHCND:USW00023160,20110715,0
GHCND:USW00023160,20110716,0
GHCND:USW00023160,20110717,0
GHCND:USW00023160,20110718,0
GHCND:USW00023160,20110719,0
GHCND:USW00023160,20110720,18
GHCND:USW00023160,20110721,0
GHCND:USW00023160,20110722,0
GHCND:USW00023160,20110723,3
GHCND:USW00023160,20110724,8
GHCND:USW00023160,20110725,0
GHCND:USW00023160,20110726,0
GHCND:USW00023160,20110727,0
GHCND:USW00023160,20110728,3
GHCND:USW00023160,20110729,0
GHCND:USW00023160,20110730,3
GHCND:USW00023160,20110731,0
GHCND:USW00023160,20110801,0
GHCND:USW00023160,20110802,5
GHCND:USW00023160,20110803,28
GHCND:USW00023160,20110804,0
GHCND:USW00023160,20110805,0
GHCND:USW00023160,20110806,0
GHCND:USW00023160,20110807,112
GHCND:USW00023160,20110808,0
GHCND:USW00023160,20110809,0
GHCND:USW00023160,20110810,0
GHCND:USW00023160,20110811,0
GHCND:USW00023160,20110812,3
GHCND:USW00023160,20110813,0
GHCND:USW00023160,20110814,0
GHCND:USW00023160,20110815,8
GHCND:USW00023160,20110816,0
GHCND:USW00023160,20110817,0
GHCND:USW00023160,20110818,109
GHCND:USW00023160,20110819,0
GHCND:USW00023160,20110820,0
GHCND:USW00023160,20110821,0
GHCND:USW00023160,20110822,0
GHCND:USW00023160,20110823,8
GHCND:USW00023160,20110824,0
GHCND:USW00023160,20110825,0
GHCND:USW00023160,20110826,0
GHCND:USW00023160,20110827,71
GHCND:USW00023160,20110828,0
GHCND:USW00023160,20110829,0
GHCND:USW00023160,20110830,0
GHCND:USW00023160,20110831,0
GHCND:USW00023160,20110901,0
GHCND:USW00023160,20110902,0
GHCND:USW00023160,20110903,0
GHCND:USW00023160,20110904,0
GHCND:USW00023160,20110905,0
GHCND:USW00023160,20110906,53
GHCND:USW00023160,20110907,0
GHCND:USW00023160,20110908,0
GHCND:USW00023160,20110909,196
GHCND:USW00023160,20110910,318
GHCND:USW00023160,20110911,0
GHCND:USW00023160,20110912,66
GHCND:USW00023160,20110913,30
GHCND:USW00023160,20110914,30
GHCND:USW00023160,20110915,721
GHCND:USW00023160,20110916,0
GHCND:USW00023160,20110917,0
GHCND:USW00023160,20110918,0
GHCND:USW00023160,20110919,0
GHCND:USW00023160,20110920,0
GHCND:USW00023160,20110921,0
GHCND:USW00023160,20110922,0
GHCND:USW00023160,20110923,0
GHCND:USW00023160,20110924,0
GHCND:USW00023160,20110925,8
GHCND:USW00023160,20110926,0
GHCND:USW00023160,20110927,0
GHCND:USW00023160,20110928,0
GHCND:USW00023160,20110929,0
GHCND:USW00023160,20110930,0
GHCND:USW00023160,20111001,8
GHCND:USW00023160,20111002,3
GHCND:USW00023160,20111003,0
GHCND:USW00023160,20111004,0
GHCND:USW00023160,20111005,0
GHCND:USW00023160,20111006,5
GHCND:USW00023160,20111007,0
GHCND:USW00023160,20111008,0
GHCND:USW00023160,20111009,0
GHCND:USW00023160,20111010,0
GHCND:USW00023160,20111011,0
GHCND:USW00023160,20111012,0
GHCND:USW00023160,20111013,0
GHCND:USW00023160,20111014,0
GHCND:USW00023160,20111015,0
GHCND:USW00023160,20111016,0
GHCND:USW00023160,20111017,0
GHCND:USW00023160,20111018,0
GHCND:USW00023160,20111019,0
GHCND:USW00023160,20111020,0
GHCND:USW00023160,20111021,0
GHCND:USW00023160,20111022,0
GHCND:USW00023160,20111023,0
GHCND:USW00023160,20111024,0
GHCND:USW00023160,20111025,0
GHCND:USW00023160,20111026,0
GHCND:USW00023160,20111027,0
GHCND:USW00023160,20111028,0
GHCND:USW00023160,20111029,0
GHCND:USW00023160,20111030,0
GHCND:USW00023160,20111031,0
GHCND:USW00023160,20111101,0
GHCND:USW00023160,20111102,0
GHCND:USW00023160,20111103,0
GHCND:USW00023160,20111104,0
GHCND:USW00023160,20111105,46
GHCND:USW00023160,20111106,0
GHCND:USW00023160,20111107,43
GHCND:USW00023160,20111108,0
GHCND:USW00023160,20111109,0
GHCND:USW00023160,20111110,0
GHCND:USW00023160,20111111,0
GHCND:USW00023160,20111112,0
GHCND:USW00023160,20111113,122
GHCND:USW00023160,20111114,0
GHCND:USW00023160,20111115,0
GHCND:USW00023160,20111116,0
GHCND:USW00023160,20111117,0
GHCND:USW00023160,20111118,0
GHCND:USW00023160,20111119,0
GHCND:USW00023160,20111120,0
GHCND:USW00023160,20111121,0
GHCND:USW00023160,20111122,0
GHCND:USW00023160,20111123,0
GHCND:USW00023160,20111124,13
GHCND:USW00023160,20111125,23
GHCND:USW00023160,20111126,0
GHCND:USW00023160,20111127,0
GHCND:USW00023160,20111128,0
GHCND:USW00023160,20111129,0
GHCND:USW00023160,20111130,0
GHCND:USW00023160,20111201,36
GHCND:USW00023160,20111202,28
GHCND:USW00023160,20111203,69
GHCND:USW00023160,20111204,0
GHCND:USW00023160,20111205,0
GHCND:USW00023160,20111206,0
GHCND:USW00023160,20111207,0
GHCND:USW00023160,20111208,0
GHCND:USW00023160,20111209,0
GHCND:USW00023160,20111210,0
GHCND:USW00023160,20111211,0
GHCND:USW00023160,20111212,51
GHCND:USW00023160,20111213,290
GHCND:USW00023160,20111214,0
GHCND:USW00023160,20111215,0
GHCND:USW00023160,20111216,0
GHCND:USW00023160,20111217,0
GHCND:USW00023160,20111218,30
GHCND:USW00023160,20111219,13
GHCND:USW00023160,20111220,0
GHCND:USW00023160,20111221,0
GHCND:USW00023160,20111222,0
GHCND:USW00023160,20111223,0
GHCND:USW00023160,20111224,0
GHCND:USW00023160,20111225,0
GHCND:USW00023160,20111226,0
GHCND:USW00023160,20111227,0
GHCND:USW00023160,20111228,0
GHCND:USW00023160,20111229,0
GHCND:USW00023160,20111230,0
GHCND:USW00023160,20111231,0
GHCND:USW00023160,20120101,0
GHCND:USW00023160,20120102,0
GHCND:USW00023160,20120103,0
GHCND:USW00023160,20120104,0
GHCND:USW00023160,20120105,0
GHCND:USW00023160,20120106,0
GHCND:USW00023160,20120107,0
GHCND:USW00023160,20120108,0
GHCND:USW00023160,20120109,0
GHCND:USW00023160,20120110,0
GHCND:USW00023160,20120111,0
GHCND:USW00023160,20120112,0
GHCND:USW00023160,20120113,0
GHCND:USW00023160,20120114,0
GHCND:USW00023160,20120115,23
GHCND:USW00023160,20120116,13
GHCND:USW00023160,20120117,0
GHCND:USW00023160,20120118,0
GHCND:USW00023160,20120119,0
GHCND:USW00023160,20120120,0
GHCND:USW00023160,20120121,0
GHCND:USW00023160,20120122,0
GHCND:USW00023160,20120123,0
GHCND:USW00023160,20120124,0
GHCND:USW00023160,20120125,0
GHCND:USW00023160,20120126,0
GHCND:USW00023160,20120127,0
GHCND:USW00023160,20120128,0
GHCND:USW00023160,20120129,0
GHCND:USW00023160,20120130,0
GHCND:USW00023160,20120131,0
GHCND:USW00023160,20120201,0
GHCND:USW00023160,20120202,0
GHCND:USW00023160,20120203,0
GHCND:USW00023160,20120204,0
GHCND:USW00023160,20120205,0
GHCND:USW00023160,20120206,0
GHCND:USW00023160,20120207,0
GHCND:USW00023160,20120208,0
GHCND:USW00023160,20120209,0
GHCND:USW00023160,20120210,0
GHCND:USW00023160,20120211,0
GHCND:USW00023160,20120212,0
GHCND:USW00023160,20120213,0
GHCND:USW00023160,20120214,18
GHCND:USW00023160,20120215,0
GHCND:USW00023160,20120216,0
GHCND:USW00023160,20120217,3
GHCND:USW00023160,20120218,0
GHCND:USW00023160,20120219,0
GHCND:USW00023160,20120220,0
GHCND:USW00023160,20120221,0
GHCND:USW00023160,20120222,0
GHCND:USW00023160,20120223,0
GHCND:USW00023160,20120224,0
GHCND:USW00023160,20120225,0
GHCND:USW00023160,20120226,0
GHCND:USW00023160,20120227,0
GHCND:USW00023160,20120228,0
GHCND:USW00023160,20120229,0
GHCND:USW00023160,20120301,0
GHCND:USW00023160,20120302,0
GHCND:USW00023160,20120303,0
GHCND:USW00023160,20120304,0
GHCND:USW00023160,20120305,0
GHCND:USW00023160,20120306,0
GHCND:USW00023160,20120307,0
GHCND:USW00023160,20120308,0
GHCND:USW00023160,20120309,0
GHCND:USW00023160,20120310,0
GHCND:USW00023160,20120311,0
GHCND:USW00023160,20120312,0
GHCND:USW00023160,20120313,0
GHCND:USW00023160,20120314,0
GHCND:USW00023160,20120315,0
GHCND:USW00023160,20120316,0
GHCND:USW00023160,20120317,0
GHCND:USW00023160,20120318,76
GHCND:USW00023160,20120319,10
GHCND:USW00023160,20120320,0
GHCND:USW00023160,20120321,0
GHCND:USW00023160,20120322,0
GHCND:USW00023160,20120323,0
GHCND:USW00023160,20120324,0
GHCND:USW00023160,20120325,0
GHCND:USW00023160,20120326,0
GHCND:USW00023160,20120327,0
GHCND:USW00023160,20120328,0
GHCND:USW00023160,20120329,0
GHCND:USW00023160,20120330,0
GHCND:USW00023160,20120331,0
GHCND:USW00023160,20120401,0
GHCND:USW00023160,20120402,0
GHCND:USW00023160,20120403,0
GHCND:USW00023160,20120404,0
GHCND:USW00023160,20120405,0
GHCND:USW00023160,20120406,0
GHCND:USW00023160,20120407,0
GHCND:USW00023160,20120408,0
GHCND:USW00023160,20120409,0
GHCND:USW00023160,20120410,0
GHCND:USW00023160,20120411,0
GHCND:USW00023160,20120412,0
GHCND:USW00023160,20120413,0
GHCND:USW00023160,20120414,30
GHCND:USW00023160,20120415,0
GHCND:USW00023160,20120416,0
GHCND:USW00023160,20120417,0
GHCND:USW00023160,20120418,0
GHCND:USW00023160,20120419,0
GHCND:USW00023160,20120420,0
GHCND:USW00023160,20120421,0
GHCND:USW00023160,20120422,0
GHCND:USW00023160,20120423,0
GHCND:USW00023160,20120424,0
GHCND:USW00023160,20120425,0
GHCND:USW00023160,20120426,0
GHCND:USW00023160,20120427,0
GHCND:USW00023160,20120428,0
GHCND:USW00023160,20120429,0
GHCND:USW00023160,20120430,0
GHCND:USW00023160,20120501,0
GHCND:USW00023160,20120502,0
GHCND:USW00023160,20120503,0
GHCND:USW00023160,20120504,0
GHCND:USW00023160,20120505,0
GHCND:USW00023160,20120506,0
GHCND:USW00023160,20120507,0
GHCND:USW00023160,20120508,0
GHCND:USW00023160,20120509,0
GHCND:USW00023160,20120510,0
GHCND:USW00023160,20120511,0
GHCND:USW00023160,20120512,0
GHCND:USW00023160,20120513,0
GHCND:USW00023160,20120514,0
GHCND:USW00023160,20120515,0
GHCND:USW00023160,20120516,0
GHCND:USW00023160,20120517,0
GHCND:USW00023160,20120518,0
GHCND:USW00023160,20120519,0
GHCND:USW00023160,20120520,0
GHCND:USW00023160,20120521,0
GHCND:USW00023160,20120522,0
GHCND:USW00023160,20120523,0
GHCND:USW00023160,20120524,0
GHCND:USW00023160,20120525,0
GHCND:USW00023160,20120526,0
GHCND:USW00023160,20120527,0
GHCND:USW00023160,20120528,0
GHCND:USW00023160,20120529,0
GHCND:USW00023160,20120530,0
GHCND:USW00023160,20120531,0
GHCND:USW00023160,20120601,0
GHCND:USW00023160,20120602,0
GHCND:USW00023160,20120603,0
GHCND:USW00023160,20120604,0
GHCND:USW00023160,20120605,0
GHCND:USW00023160,20120606,0
GHCND:USW00023160,20120607,0
GHCND:USW00023160,20120608,0
GHCND:USW00023160,20120609,0
GHCND:USW00023160,20120610,0
GHCND:USW00023160,20120611,0
GHCND:USW00023160,20120612,0
GHCND:USW00023160,20120613,0
GHCND:USW00023160,20120614,0
GHCND:USW00023160,20120615,0
GHCND:USW00023160,20120616,74
GHCND:USW00023160,20120617,0
GHCND:USW00023160,20120618,0
GHCND:USW00023160,20120619,0
GHCND:USW00023160,20120620,0
GHCND:USW00023160,20120621,0
GHCND:USW00023160,20120622,0
GHCND:USW00023160,20120623,0
GHCND:USW00023160,20120624,0
GHCND:USW00023160,20120625,0
GHCND:USW00023160,20120626,13
GHCND:USW00023160,20120627,0
GHCND:USW00023160,20120628,0
GHCND:USW00023160,20120629,0
GHCND:USW00023160,20120630,0
GHCND:USW00023160,20120701,0
GHCND:USW00023160,20120702,0
GHCND:USW00023160,20120703,15
GHCND:USW00023160,20120704,198
GHCND:USW00023160,20120705,0
GHCND:USW00023160,20120706,0
GHCND:USW00023160,20120707,0
GHCND:USW00023160,20120708,5
GHCND:USW00023160,20120709,0
GHCND:USW00023160,20120710,30
GHCND:USW00023160,20120711,0
GHCND:USW00023160,20120712,3
GHCND:USW00023160,20120713,5
GHCND:USW00023160,20120714,196
GHCND:USW00023160,20120715,269
GHCND:USW00023160,20120716,170
GHCND:USW00023160,20120717,0
GHCND:USW00023160,20120718,0
GHCND:USW00023160,20120719,0
GHCND:USW00023160,20120720,142
GHCND:USW00023160,20120721,0
GHCND:USW00023160,20120722,0
GHCND:USW00023160,20120723,0
GHCND:USW00023160,20120724,0
GHCND:USW00023160,20120725,0
GHCND:USW00023160,20120726,0
GHCND:USW00023160,20120727,3
GHCND:USW00023160,20120728,13
GHCND:USW00023160,20120729,0
GHCND:USW00023160,20120730,0
GHCND:USW00023160,20120731,0
GHCND:USW00023160,20120801,0
GHCND:USW00023160,20120802,0
GHCND:USW00023160,20120803,0
GHCND:USW00023160,20120804,0
GHCND:USW00023160,20120805,0
GHCND:USW00023160,20120806,0
GHCND:USW00023160,20120807,5
GHCND:USW00023160,20120808,0
GHCND:USW00023160,20120809,0
GHCND:USW00023160,20120810,0
GHCND:USW00023160,20120811,25
GHCND:USW00023160,20120812,0
GHCND:USW00023160,20120813,0
GHCND:USW00023160,20120814,10
GHCND:USW00023160,20120815,3
GHCND:USW00023160,20120816,0
GHCND:USW00023160,20120817,5
GHCND:USW00023160,20120818,0
GHCND:USW00023160,20120819,56
GHCND:USW00023160,20120820,0
GHCND:USW00023160,20120821,84
GHCND:USW00023160,20120822,104
GHCND:USW00023160,20120823,0
GHCND:USW00023160,20120824,0
GHCND:USW00023160,20120825,0
GHCND:USW00023160,20120826,0
GHCND:USW00023160,20120827,5
GHCND:USW00023160,20120828,0
GHCND:USW00023160,20120829,0
GHCND:USW00023160,20120830,0
GHCND:USW00023160,20120831,0
GHCND:USW00023160,20120901,0
GHCND:USW00023160,20120902,0
GHCND:USW00023160,20120903,0
GHCND:USW00023160,20120904,0
GHCND:USW00023160,20120905,0
GHCND:USW00023160,20120906,0
GHCND:USW00023160,20120907,0
GHCND:USW00023160,20120908,0
GHCND:USW00023160,20120909,0
GHCND:USW00023160,20120910,69
GHCND:USW00023160,20120911,15
GHCND:USW00023160,20120912,3
GHCND:USW00023160,20120913,10
GHCND:USW00023160,20120914,0
GHCND:USW00023160,20120915,0
GHCND:USW00023160,20120916,0
GHCND:USW00023160,20120917,0
GHCND:USW00023160,20120918,0
GHCND:USW00023160,20120919,0
GHCND:USW00023160,20120920,0
GHCND:USW00023160,20120921,0
GHCND:USW00023160,20120922,0
GHCND:USW00023160,20120923,0
GHCND:USW00023160,20120924,0
GHCND:USW00023160,20120925,0
GHCND:USW00023160,20120926,0
GHCND:USW00023160,20120927,0
GHCND:USW00023160,20120928,0
GHCND:USW00023160,20120929,0
GHCND:USW00023160,20120930,0
GHCND:USW00023160,20121001,0
GHCND:USW00023160,20121002,0
GHCND:USW00023160,20121003,0
GHCND:USW00023160,20121004,0
GHCND:USW00023160,20121005,0
GHCND:USW00023160,20121006,0
GHCND:USW00023160,20121007,0
GHCND:USW00023160,20121008,0
GHCND:USW00023160,20121009,0
GHCND:USW00023160,20121010,0
GHCND:USW00023160,20121011,0
GHCND:USW00023160,20121012,0
GHCND:USW00023160,20121013,0
GHCND:USW00023160,20121014,0
GHCND:USW00023160,20121015,0
GHCND:USW00023160,20121016,0
GHCND:USW00023160,20121017,0
GHCND:USW00023160,20121018,0
GHCND:USW00023160,20121019,0
GHCND:USW00023160,20121020,0
GHCND:USW00023160,20121021,0
GHCND:USW00023160,20121022,0
GHCND:USW00023160,20121023,0
GHCND:USW00023160,20121024,0
GHCND:USW00023160,20121025,0
GHCND:USW00023160,20121026,0
GHCND:USW00023160,20121027,0
GHCND:USW00023160,20121028,0
GHCND:USW00023160,20121029,0
GHCND:USW00023160,20121030,0
GHCND:USW00023160,20121031,0
GHCND:USW00023160,20121101,0
GHCND:USW00023160,20121102,0
GHCND:USW00023160,20121103,0
GHCND:USW00023160,20121104,0
GHCND:USW00023160,20121105,0
GHCND:USW00023160,20121106,0
GHCND:USW00023160,20121107,0
GHCND:USW00023160,20121108,0
GHCND:USW00023160,20121109,5
GHCND:USW00023160,20121110,3
GHCND:USW00023160,20121111,0
GHCND:USW00023160,20121112,0
GHCND:USW00023160,20121113,0
GHCND:USW00023160,20121114,0
GHCND:USW00023160,20121115,0
GHCND:USW00023160,20121116,0
GHCND:USW00023160,20121117,0
GHCND:USW00023160,20121118,0
GHCND:USW00023160,20121119,0
GHCND:USW00023160,20121120,0
GHCND:USW00023160,20121121,0
GHCND:USW00023160,20121122,0
GHCND:USW00023160,20121123,0
GHCND:USW00023160,20121124,0
GHCND:USW00023160,20121125,0
GHCND:USW00023160,20121126,0
GHCND:USW00023160,20121127,0
GHCND:USW00023160,20121128,0
GHCND:USW00023160,20121129,0
GHCND:USW00023160,20121130,0
GHCND:USW00023160,20121201,0
GHCND:USW00023160,20121202,0
GHCND:USW00023160,20121203,0
GHCND:USW00023160,20121204,0
GHCND:USW00023160,20121205,0
GHCND:USW00023160,20121206,0
GHCND:USW00023160,20121207,0
GHCND:USW00023160,20121208,0
GHCND:USW00023160,20121209,0
GHCND:USW00023160,20121210,0
GHCND:USW00023160,20121211,0
GHCND:USW00023160,20121212,0
GHCND:USW00023160,20121213,114
GHCND:USW00023160,20121214,48
GHCND:USW00023160,20121215,0
GHCND:USW00023160,20121216,48
GHCND:USW00023160,20121217,0
GHCND:USW00023160,20121218,0
GHCND:USW00023160,20121219,25
GHCND:USW00023160,20121220,0
GHCND:USW00023160,20121221,0
GHCND:USW00023160,20121222,0
GHCND:USW00023160,20121223,0
GHCND:USW00023160,20121224,0
GHCND:USW00023160,20121225,0
GHCND:USW00023160,20121226,0
GHCND:USW00023160,20121227,0
GHCND:USW00023160,20121228,0
GHCND:USW00023160,20121229,0
GHCND:USW00023160,20121230,43
GHCND:USW00023160,20121231,20
GHCND:USW00023160,20130101,0
GHCND:USW00023160,20130102,0
GHCND:USW00023160,20130103,0
GHCND:USW00023160,20130104,0
GHCND:USW00023160,20130105,0
GHCND:USW00023160,20130106,0
GHCND:USW00023160,20130107,0
GHCND:USW00023160,20130108,0
GHCND:USW00023160,20130109,0
GHCND:USW00023160,20130110,0
GHCND:USW00023160,20130111,8
GHCND:USW00023160,20130112,0
GHCND:USW00023160,20130113,0
GHCND:USW00023160,20130114,0
GHCND:USW00023160,20130115,0
GHCND:USW00023160,20130116,0
GHCND:USW00023160,20130117,0
GHCND:USW00023160,20130118,0
GHCND:USW00023160,20130119,0
GHCND:USW00023160,20130120,0
GHCND:USW00023160,20130121,0
GHCND:USW00023160,20130122,0
GHCND:USW00023160,20130123,0
GHCND:USW00023160,20130124,3
GHCND:USW00023160,20130125,0
GHCND:USW00023160,20130126,180
GHCND:USW00023160,20130127,0
GHCND:USW00023160,20130128,15
GHCND:USW00023160,20130129,0
GHCND:USW00023160,20130130,0
GHCND:USW00023160,20130131,0
GHCND:USW00023160,20130201,0
GHCND:USW00023160,20130202,0
GHCND:USW00023160,20130203,0
GHCND:USW00023160,20130204,0
GHCND:USW00023160,20130205,0
GHCND:USW00023160,20130206,0
GHCND:USW00023160,20130207,0
GHCND:USW00023160,20130208,0
GHCND:USW00023160,20130209,10
GHCND:USW00023160,20130210,0
GHCND:USW00023160,20130211,66
GHCND:USW00023160,20130212,0
GHCND:USW00023160,20130213,0
GHCND:USW00023160,20130214,0
GHCND:USW00023160,20130215,0
GHCND:USW00023160,20130216,0
GHCND:USW00023160,20130217,0
GHCND:USW00023160,20130218,0
GHCND:USW00023160,20130219,0
GHCND:USW00023160,20130220,124
GHCND:USW00023160,20130221,0
GHCND:USW00023160,20130222,0
GHCND:USW00023160,20130223,0
GHCND:USW00023160,20130224,0
GHCND:USW00023160,20130225,0
GHCND:USW00023160,20130226,0
GHCND:USW00023160,20130227,0
GHCND:USW00023160,20130228,0
GHCND:USW00023160,20130301,0
GHCND:USW00023160,20130302,0
GHCND:USW00023160,20130303,0
GHCND:USW00023160,20130304,0
GHCND:USW00023160,20130305,0
GHCND:USW00023160,20130306,0
GHCND:USW00023160,20130307,0
GHCND:USW00023160,20130308,0
GHCND:USW00023160,20130309,3
GHCND:USW00023160,20130310,0
GHCND:USW00023160,20130311,0
GHCND:USW00023160,20130312,0
GHCND:USW00023160,20130313,0
GHCND:USW00023160,20130314,0
GHCND:USW00023160,20130315,0
GHCND:USW00023160,20130316,0
GHCND:USW00023160,20130317,0
GHCND:USW00023160,20130318,0
GHCND:USW00023160,20130319,0
GHCND:USW00023160,20130320,0
GHCND:USW00023160,20130321,0
GHCND:USW00023160,20130322,0
GHCND:USW00023160,20130323,0
GHCND:USW00023160,20130324,0
GHCND:USW00023160,20130325,0
GHCND:USW00023160,20130326,0
GHCND:USW00023160,20130327,0
GHCND:USW00023160,20130328,0
GHCND:USW00023160,20130329,0
GHCND:USW00023160,20130330,0
GHCND:USW00023160,20130331,0
GHCND:USW00023160,20130401,0
GHCND:USW00023160,20130402,0
GHCND:USW00023160,20130403,0
GHCND:USW00023160,20130404,0
GHCND:USW00023160,20130405,0
GHCND:USW00023160,20130406,0
GHCND:USW00023160,20130407,0
GHCND:USW00023160,20130408,18
GHCND:USW00023160,20130409,13
GHCND:USW00023160,20130410,0
GHCND:USW00023160,20130411,0
GHCND:USW00023160,20130412,0
GHCND:USW00023160,20130413,0
GHCND:USW00023160,20130414,0
GHCND:USW00023160,20130415,0
GHCND:USW00023160,20130416,0
GHCND:USW00023160,20130417,0
GHCND:USW00023160,20130418,0
GHCND:USW00023160,20130419,0
GHCND:USW00023160,20130420,0
GHCND:USW00023160,20130421,0
GHCND:USW00023160,20130422,0
GHCND:USW00023160,20130423,0
GHCND:USW00023160,20130424,0
GHCND:USW00023160,20130425,0
GHCND:USW00023160,20130426,0
GHCND:USW00023160,20130427,0
GHCND:USW00023160,20130428,0
GHCND:USW00023160,20130429,0
GHCND:USW00023160,20130430,0
GHCND:USW00023160,20130501,0
GHCND:USW00023160,20130502,0
GHCND:USW00023160,20130503,0
GHCND:USW00023160,20130504,0
GHCND:USW00023160,20130505,0
GHCND:USW00023160,20130506,3
GHCND:USW00023160,20130507,0
GHCND:USW00023160,20130508,0
GHCND:USW00023160,20130509,0
GHCND:USW00023160,20130510,0
GHCND:USW00023160,20130511,0
GHCND:USW00023160,20130512,0
GHCND:USW00023160,20130513,0
GHCND:USW00023160,20130514,0
GHCND:USW00023160,20130515,0
GHCND:USW00023160,20130516,0
GHCND:USW00023160,20130517,0
GHCND:USW00023160,20130518,0
GHCND:USW00023160,20130519,0
GHCND:USW00023160,20130520,0
GHCND:USW00023160,20130521,0
GHCND:USW00023160,20130522,0
GHCND:USW00023160,20130523,0
GHCND:USW00023160,20130524,0
GHCND:USW00023160,20130525,0
GHCND:USW00023160,20130526,0
GHCND:USW00023160,20130527,0
GHCND:USW00023160,20130528,0
GHCND:USW00023160,20130529,0
GHCND:USW00023160,20130530,0
GHCND:USW00023160,20130531,0
GHCND:USW00023160,20130601,0
GHCND:USW00023160,20130602,0
GHCND:USW00023160,20130603,0
GHCND:USW00023160,20130604,0
GHCND:USW00023160,20130605,0
GHCND:USW00023160,20130606,0
GHCND:USW00023160,20130607,0
GHCND:USW00023160,20130608,0
GHCND:USW00023160,20130609,0
GHCND:USW00023160,20130610,0
GHCND:USW00023160,20130611,0
GHCND:USW00023160,20130612,0
GHCND:USW00023160,20130613,0
GHCND:USW00023160,20130614,0
GHCND:USW00023160,20130615,0
GHCND:USW00023160,20130616,0
GHCND:USW00023160,20130617,0
GHCND:USW00023160,20130618,0
GHCND:USW00023160,20130619,0
GHCND:USW00023160,20130620,0
GHCND:USW00023160,20130621,0
GHCND:USW00023160,20130622,0
GHCND:USW00023160,20130623,0
GHCND:USW00023160,20130624,0
GHCND:USW00023160,20130625,0
GHCND:USW00023160,20130626,0
GHCND:USW00023160,20130627,0
GHCND:USW00023160,20130628,0
GHCND:USW00023160,20130629,0
GHCND:USW00023160,20130630,8
GHCND:USW00023160,20130701,0
GHCND:USW00023160,20130702,8
GHCND:USW00023160,20130703,0
GHCND:USW00023160,20130704,0
GHCND:USW00023160,20130705,226
GHCND:USW00023160,20130706,0
GHCND:USW00023160,20130707,5
GHCND:USW00023160,20130708,0
GHCND:USW00023160,20130709,0
GHCND:USW00023160,20130710,5
GHCND:USW00023160,20130711,25
GHCND:USW00023160,20130712,0
GHCND:USW00023160,20130713,0
GHCND:USW00023160,20130714,0
GHCND:USW00023160,20130715,142
GHCND:USW00023160,20130716,36
GHCND:USW00023160,20130717,0
GHCND:USW00023160,20130718,0
GHCND:USW00023160,20130719,0
GHCND:USW00023160,20130720,206
GHCND:USW00023160,20130721,0
GHCND:USW00023160,20130722,0
GHCND:USW00023160,20130723,0
GHCND:USW00023160,20130724,0
GHCND:USW00023160,20130725,3
GHCND:USW00023160,20130726,0
GHCND:USW00023160,20130727,5
GHCND:USW00023160,20130728,0
GHCND:USW00023160,20130729,0
GHCND:USW00023160,20130730,0
GHCND:USW00023160,20130731,0
GHCND:USW00023160,20130801,0
GHCND:USW00023160,20130802,0
GHCND:USW00023160,20130803,0
GHCND:USW00023160,20130804,0
GHCND:USW00023160,20130805,43
GHCND:USW00023160,20130806,8
GHCND:USW00023160,20130807,0
GHCND:USW00023160,20130808,0
GHCND:USW00023160,20130809,0
GHCND:USW00023160,20130810,0
GHCND:USW00023160,20130811,0
GHCND:USW00023160,20130812,0
GHCND:USW00023160,20130813,0
GHCND:USW00023160,20130814,0
GHCND:USW00023160,20130815,0
GHCND:USW00023160,20130816,0
GHCND:USW00023160,20130817,0
GHCND:USW00023160,20130818,0
GHCND:USW00023160,20130819,0
GHCND:USW00023160,20130820,5
GHCND:USW00023160,20130821,0
GHCND:USW00023160,20130822,0
GHCND:USW00023160,20130823,3
GHCND:USW00023160,20130824,8
GHCND:USW00023160,20130825,15
GHCND:USW00023160,20130826,3
GHCND:USW00023160,20130827,0
GHCND:USW00023160,20130828,0
GHCND:USW00023160,20130829,38
GHCND:USW00023160,20130830,0
GHCND:USW00023160,20130831,0
GHCND:USW00023160,20130901,0
GHCND:USW00023160,20130902,0
GHCND:USW00023160,20130903,3
GHCND:USW00023160,20130904,0
GHCND:USW00023160,20130905,0
GHCND:USW00023160,20130906,0
GHCND:USW00023160,20130907,5
GHCND:USW00023160,20130908,18
GHCND:USW00023160,20130909,127
GHCND:USW00023160,20130910,8
GHCND:USW00023160,20130911,0
GHCND:USW00023160,20130912,0
GHCND:USW00023160,20130913,0
GHCND:USW00023160,20130914,0
GHCND:USW00023160,20130915,0
GHCND:USW00023160,20130916,0
GHCND:USW00023160,20130917,0
GHCND:USW00023160,20130918,0
GHCND:USW00023160,20130919,0
GHCND:USW00023160,20130920,0
GHCND:USW00023160,20130921,0
GHCND:USW00023160,20130922,0
GHCND:USW00023160,20130923,0
GHCND:USW00023160,20130924,0
GHCND:USW00023160,20130925,0
GHCND:USW00023160,20130926,0
GHCND:USW00023160,20130927,0
GHCND:USW00023160,20130928,0
GHCND:USW00023160,20130929,0
GHCND:USW00023160,20130930,0
GHCND:USW00023160,20131001,0
GHCND:USW00023160,20131002,0
GHCND:USW00023160,20131003,0
GHCND:USW00023160,20131004,0
GHCND:USW00023160,20131005,0
GHCND:USW00023160,20131006,0
GHCND:USW00023160,20131007,0
GHCND:USW00023160,20131008,0
GHCND:USW00023160,20131009,0
GHCND:USW00023160,20131010,0
GHCND:USW00023160,20131011,0
GHCND:USW00023160,20131012,0
GHCND:USW00023160,20131013,0
GHCND:USW00023160,20131014,0
GHCND:USW00023160,20131015,0
GHCND:USW00023160,20131016,0
GHCND:USW00023160,20131017,0
GHCND:USW00023160,20131018,0
GHCND:USW00023160,20131019,0
GHCND:USW00023160,20131020,0
GHCND:USW00023160,20131021,0
GHCND:USW00023160,20131022,0
GHCND:USW00023160,20131023,0
GHCND:USW00023160,20131024,0
GHCND:USW00023160,20131025,0
GHCND:USW00023160,20131026,0
GHCND:USW00023160,20131027,0
GHCND:USW00023160,20131028,0
GHCND:USW00023160,20131029,0
GHCND:USW00023160,20131030,0
GHCND:USW00023160,20131031,0
GHCND:USW00023160,20131101,0
GHCND:USW00023160,20131102,13
GHCND:USW00023160,20131103,18
GHCND:USW00023160,20131104,0
GHCND:USW00023160,20131105,0
GHCND:USW00023160,20131106,0
GHCND:USW00023160,20131107,0
GHCND:USW00023160,20131108,0
GHCND:USW00023160,20131109,0
GHCND:USW00023160,20131110,0
GHCND:USW00023160,20131111,0
GHCND:USW00023160,20131112,0
GHCND:USW00023160,20131113,0
GHCND:USW00023160,20131114,0
GHCND:USW00023160,20131115,0
GHCND:USW00023160,20131116,0
GHCND:USW00023160,20131117,0
GHCND:USW00023160,20131118,0
GHCND:USW00023160,20131119,0
GHCND:USW00023160,20131120,0
GHCND:USW00023160,20131121,5
GHCND:USW00023160,20131122,221
GHCND:USW00023160,20131123,307
GHCND:USW00023160,20131124,0
GHCND:USW00023160,20131125,0
GHCND:USW00023160,20131126,0
GHCND:USW00023160,20131127,0
GHCND:USW00023160,20131128,0
GHCND:USW00023160,20131129,0
GHCND:USW00023160,20131130,0
GHCND:USW00023160,20131201,0
GHCND:USW00023160,20131202,0
GHCND:USW00023160,20131203,0
GHCND:USW00023160,20131204,10
GHCND:USW00023160,20131205,99
GHCND:USW00023160,20131206,0
GHCND:USW00023160,20131207,0
GHCND:USW00023160,20131208,0
GHCND:USW00023160,20131209,0
GHCND:USW00023160,20131210,0
GHCND:USW00023160,20131211,0
GHCND:USW00023160,20131212,0
GHCND:USW00023160,20131213,0
GHCND:USW00023160,20131214,0
GHCND:USW00023160,20131215,0
GHCND:USW00023160,20131216,0
GHCND:USW00023160,20131217,0
GHCND:USW00023160,20131218,0
GHCND:USW00023160,20131219,0
GHCND:USW00023160,20131220,102
GHCND:USW00023160,20131221,0
GHCND:USW00023160,20131222,0
GHCND:USW00023160,20131223,0
GHCND:USW00023160,20131224,0
GHCND:USW00023160,20131225,0
GHCND:USW00023160,20131226,0
GHCND:USW00023160,20131227,0
GHCND:USW00023160,20131228,0
GHCND:USW00023160,20131229,0
GHCND:USW00023160,20131230,0
GHCND:USW00023160,20131231,0
GHCND:USW00023160,20140101,0
GHCND:USW00023160,20140102,0
GHCND:USW00023160,20140103,0
GHCND:USW00023160,20140104,0
GHCND:USW00023160,20140105,0
GHCND:USW00023160,20140106,0
GHCND:USW00023160,20140107,0
GHCND:USW00023160,20140108,0
GHCND:USW00023160,20140109,0
GHCND:USW00023160,20140110,0
GHCND:USW00023160,20140111,0
GHCND:USW00023160,20140112,0
GHCND:USW00023160,20140113,0
GHCND:USW00023160,20140114,0
GHCND:USW00023160,20140115,0
GHCND:USW00023160,20140116,0
GHCND:USW00023160,20140117,0
GHCND:USW00023160,20140118,0
GHCND:USW00023160,20140119,0
GHCND:USW00023160,20140120,0
GHCND:USW00023160,20140121,0
GHCND:USW00023160,20140122,0
GHCND:USW00023160,20140123,0
GHCND:USW00023160,20140124,0
GHCND:USW00023160,20140125,0
GHCND:USW00023160,20140126,0
GHCND:USW00023160,20140127,0
GHCND:USW00023160,20140128,0
GHCND:USW00023160,20140129,0
GHCND:USW00023160,20140130,0
GHCND:USW00023160,20140131,0
GHCND:USW00023160,20140201,0
GHCND:USW00023160,20140202,0
GHCND:USW00023160,20140203,3
GHCND:USW00023160,20140204,0
GHCND:USW00023160,20140205,0
GHCND:USW00023160,20140206,0
GHCND:USW00023160,20140207,0
GHCND:USW00023160,20140208,0
GHCND:USW00023160,20140209,0
GHCND:USW00023160,20140210,0
GHCND:USW00023160,20140211,0
GHCND:USW00023160,20140212,0
GHCND:USW00023160,20140213,0
GHCND:USW00023160,20140214,0
GHCND:USW00023160,20140215,0
GHCND:USW00023160,20140216,0
GHCND:USW00023160,20140217,0
GHCND:USW00023160,20140218,0
GHCND:USW00023160,20140219,0
GHCND:USW00023160,20140220,0
GHCND:USW00023160,20140221,0
GHCND:USW00023160,20140222,0
GHCND:USW00023160,20140223,0
GHCND:USW00023160,20140224,0
GHCND:USW00023160,20140225,0
GHCND:USW00023160,20140226,0
GHCND:USW00023160,20140227,0
GHCND:USW00023160,20140228,0
GHCND:USW00023160,20140301,114
GHCND:USW00023160,20140302,33
GHCND:USW00023160,20140303,0
GHCND:USW00023160,20140304,0
GHCND:USW00023160,20140305,0
GHCND:USW00023160,20140306,0
GHCND:USW00023160,20140307,0
GHCND:USW00023160,20140308,0
GHCND:USW00023160,20140309,0
GHCND:USW00023160,20140310,0
GHCND:USW00023160,20140311,0
GHCND:USW00023160,20140312,0
GHCND:USW00023160,20140313,0
GHCND:USW00023160,20140314,0
GHCND:USW00023160,20140315,0
GHCND:USW00023160,20140316,0
GHCND:USW00023160,20140317,0
GHCND:USW00023160,20140318,0
GHCND:USW00023160,20140319,0
GHCND:USW00023160,20140320,0
GHCND:USW00023160,20140321,0
GHCND:USW00023160,20140322,0
GHCND:USW00023160,20140323,0
GHCND:USW00023160,20140324,0
GHCND:USW00023160,20140325,0
GHCND:USW00023160,20140326,0
GHCND:USW00023160,20140327,0
GHCND:USW00023160,20140328,0
GHCND:USW00023160,20140329,0
GHCND:USW00023160,20140330,0
GHCND:USW00023160,20140331,0
GHCND:USW00023160,20140401,0
GHCND:USW00023160,20140402,0
GHCND:USW00023160,20140403,0
GHCND:USW00023160,20140404,0
GHCND:USW00023160,20140405,0
GHCND:USW00023160,20140406,0
GHCND:USW00023160,20140407,0
GHCND:USW00023160,20140408,0
GHCND:USW00023160,20140409,0
GHCND:USW00023160,20140410,0
GHCND:USW00023160,20140411,0
GHCND:USW00023160,20140412,0
GHCND:USW00023160,20140413,0
GHCND:USW00023160,20140414,0
GHCND:USW00023160,20140415,0
GHCND:USW00023160,20140416,0
GHCND:USW00023160,20140417,0
GHCND:USW00023160,20140418,0
GHCND:USW00023160,20140419,0
GHCND:USW00023160,20140420,0
GHCND:USW00023160,20140421,0
GHCND:USW00023160,20140422,0
GHCND:USW00023160,20140423,0
GHCND:USW00023160,20140424,0
GHCND:USW00023160,20140425,0
GHCND:USW00023160,20140426,5
GHCND:USW00023160,20140427,0
GHCND:USW00023160,20140428,0
GHCND:USW00023160,20140429,0
GHCND:USW00023160,20140430,0
GHCND:USW00023160,20140501,0
GHCND:USW00023160,20140502,0
GHCND:USW00023160,20140503,0
GHCND:USW00023160,20140504,0
GHCND:USW00023160,20140505,0
GHCND:USW00023160,20140506,0
GHCND:USW00023160,20140507,0
GHCND:USW00023160,20140508,0
GHCND:USW00023160,20140509,0
GHCND:USW00023160,20140510,0
GHCND:USW00023160,20140511,0
GHCND:USW00023160,20140512,0
GHCND:USW00023160,20140513,0
GHCND:USW00023160,20140514,0
GHCND:USW00023160,20140515,0
GHCND:USW00023160,20140516,0
GHCND:USW00023160,20140517,0
GHCND:USW00023160,20140518,0
GHCND:USW00023160,20140519,0
GHCND:USW00023160,20140520,0
GHCND:USW00023160,20140521,0
GHCND:USW00023160,20140522,0
GHCND:USW00023160,20140523,0
GHCND:USW00023160,20140524,0
GHCND:USW00023160,20140525,0
GHCND:USW00023160,20140526,0
GHCND:USW00023160,20140527,0
GHCND:USW00023160,20140528,0
GHCND:USW00023160,20140529,0
GHCND:USW00023160,20140530,0
GHCND:USW00023160,20140531,0
GHCND:USW00023160,20140601,0
GHCND:USW00023160,20140602,0
GHCND:USW00023160,20140603,0
GHCND:USW00023160,20140604,0
GHCND:USW00023160,20140605,0
GHCND:USW00023160,20140606,0
GHCND:USW00023160,20140607,0
GHCND:USW00023160,20140608,0
GHCND:USW00023160,20140609,0
GHCND:USW00023160,20140610,0
GHCND:USW00023160,20140611,0
GHCND:USW00023160,20140612,0
GHCND:USW00023160,20140613,0
GHCND:USW00023160,20140614,0
GHCND:USW00023160,20140615,0
GHCND:USW00023160,20140616,0
GHCND:USW00023160,20140617,0
GHCND:USW00023160,20140618,0
GHCND:USW00023160,20140619,0
GHCND:USW00023160,20140620,0
GHCND:USW00023160,20140621,0
GHCND:USW00023160,20140622,0
GHCND:USW00023160,20140623,0
GHCND:USW00023160,20140624,0
GHCND:USW00023160,20140625,0
GHCND:USW00023160,20140626,0
GHCND:USW00023160,20140627,0
GHCND:USW00023160,20140628,0
GHCND:USW00023160,20140629,0
GHCND:USW00023160,20140630,0
GHCND:USW00023160,20140701,0
GHCND:USW00023160,20140702,0
GHCND:USW00023160,20140703,41
GHCND:USW00023160,20140704,0
GHCND:USW00023160,20140705,23
GHCND:USW00023160,20140706,0
GHCND:USW00023160,20140707,13
GHCND:USW00023160,20140708,0
GHCND:USW00023160,20140709,94
GHCND:USW00023160,20140710,0
GHCND:USW00023160,20140711,5
GHCND:USW00023160,20140712,3
GHCND:USW00023160,20140713,38
GHCND:USW00023160,20140714,0
GHCND:USW00023160,20140715,142
GHCND:USW00023160,20140716,0
GHCND:USW00023160,20140717,0
GHCND:USW00023160,20140718,0
GHCND:USW00023160,20140719,0
GHCND:USW00023160,20140720,0
GHCND:USW00023160,20140721,0
GHCND:USW00023160,20140722,0
GHCND:USW00023160,20140723,0
GHCND:USW00023160,20140724,0
GHCND:USW00023160,20140725,0
GHCND:USW00023160,20140726,0
GHCND:USW00023160,20140727,3
GHCND:USW00023160,20140728,3
GHCND:USW00023160,20140729,0
GHCND:USW00023160,20140730,0
GHCND:USW00023160,20140731,0
GHCND:USW00023160,20140801,109
GHCND:USW00023160,20140802,8
GHCND:USW00023160,20140803,0
GHCND:USW00023160,20140804,0
GHCND:USW00023160,20140805,0
GHCND:USW00023160,20140806,0
GHCND:USW00023160,20140807,0
GHCND:USW00023160,20140808,0
GHCND:USW00023160,20140809,0
GHCND:USW00023160,20140810,13
GHCND:USW00023160,20140811,0
GHCND:USW00023160,20140812,53
GHCND:USW00023160,20140813,0
GHCND:USW00023160,20140814,0
GHCND:USW00023160,20140815,0
GHCND:USW00023160,20140816,61
GHCND:USW00023160,20140817,201
GHCND:USW00023160,20140818,0
GHCND:USW00023160,20140819,33
GHCND:USW00023160,20140820,0
GHCND:USW00023160,20140821,3
GHCND:USW00023160,20140822,0
GHCND:USW00023160,20140823,0
GHCND:USW00023160,20140824,0
GHCND:USW00023160,20140825,0
GHCND:USW00023160,20140826,0
GHCND:USW00023160,20140827,0
GHCND:USW00023160,20140828,0
GHCND:USW00023160,20140829,0
GHCND:USW00023160,20140830,0
GHCND:USW00023160,20140831,0
GHCND:USW00023160,20140901,0
GHCND:USW00023160,20140902,0
GHCND:USW00023160,20140903,0
GHCND:USW00023160,20140904,53
GHCND:USW00023160,20140905,0
GHCND:USW00023160,20140906,18
GHCND:USW00023160,20140907,5
GHCND:USW00023160,20140908,467
GHCND:USW00023160,20140909,0
GHCND:USW00023160,20140910,0
GHCND:USW00023160,20140911,0
GHCND:USW00023160,20140912,79
GHCND:USW00023160,20140913,0
GHCND:USW00023160,20140914,0
GHCND:USW00023160,20140915,0
GHCND:USW00023160,20140916,36
GHCND:USW00023160,20140917,28
GHCND:USW00023160,20140918,8
GHCND:USW00023160,20140919,8
GHCND:USW00023160,20140920,0
GHCND:USW00023160,20140921,0
GHCND:USW00023160,20140922,0
GHCND:USW00023160,20140923,0
GHCND:USW00023160,20140924,0
GHCND:USW00023160,20140925,0
GHCND:USW00023160,20140926,0
GHCND:USW00023160,20140927,0
GHCND:USW00023160,20140928,0
GHCND:USW00023160,20140929,0
GHCND:USW00023160,20140930,0
GHCND:USW00023160,20141001,0
GHCND:USW00023160,20141002,0
GHCND:USW00023160,20141003,0
GHCND:USW00023160,20141004,0
GHCND:USW00023160,20141005,0
GHCND:USW00023160,20141006,0
GHCND:USW00023160,20141007,0
GHCND:USW00023160,20141008,170
GHCND:USW00023160,20141009,91
GHCND:USW00023160,20141010,0
GHCND:USW00023160,20141011,0
GHCND:USW00023160,20141012,0
GHCND:USW00023160,20141013,0
GHCND:USW00023160,20141014,0
GHCND:USW00023160,20141015,0
GHCND:USW00023160,20141016,0
GHCND:USW00023160,20141017,0
GHCND:USW00023160,20141018,0
GHCND:USW00023160,20141019,76
GHCND:USW00023160,20141020,0
GHCND:USW00023160,20141021,0
GHCND:USW00023160,20141022,0
GHCND:USW00023160,20141023,0
GHCND:USW00023160,20141024,0
GHCND:USW00023160,20141025,0
GHCND:USW00023160,20141026,0
GHCND:USW00023160,20141027,0
GHCND:USW00023160,20141028,0
GHCND:USW00023160,20141029,0
GHCND:USW00023160,20141030,0
GHCND:USW00023160,20141031,0
GHCND:USW00023160,20141101,0
GHCND:USW00023160,20141102,0
GHCND:USW00023160,20141103,0
GHCND:USW00023160,20141104,0
GHCND:USW00023160,20141105,0
GHCND:USW00023160,20141106,0
GHCND:USW00023160,20141107,0
GHCND:USW00023160,20141108,0
GHCND:USW00023160,20141109,0
GHCND:USW00023160,20141110,0
GHCND:USW00023160,20141111,0
GHCND:USW00023160,20141112,0
GHCND:USW00023160,20141113,0
GHCND:USW00023160,20141114,0
GHCND:USW00023160,20141115,0
GHCND:USW00023160,20141116,0
GHCND:USW00023160,20141117,0
GHCND:USW00023160,20141118,0
GHCND:USW00023160,20141119,0
GHCND:USW00023160,20141120,0
GHCND:USW00023160,20141121,0
GHCND:USW00023160,20141122,0
GHCND:USW00023160,20141123,0
GHCND:USW00023160,20141124,0
GHCND:USW00023160,20141125,0
GHCND:USW00023160,20141126,0
GHCND:USW00023160,20141127,0
GHCND:USW00023160,20141128,0
GHCND:USW00023160,20141129,0
GHCND:USW00023160,20141130,0
GHCND:USW00023160,20141201,0
GHCND:USW00023160,20141202,0
GHCND:USW00023160,20141203,0
GHCND:USW00023160,20141204,175
GHCND:USW00023160,20141205,0
GHCND:USW00023160,20141206,0
GHCND:USW00023160,20141207,0
GHCND:USW00023160,20141208,0
GHCND:USW00023160,20141209,0
GHCND:USW00023160,20141210,0
GHCND:USW00023160,20141211,0
GHCND:USW00023160,20141212,0
GHCND:USW00023160,20141213,112
GHCND:USW00023160,20141214,0
GHCND:USW00023160,20141215,0
GHCND:USW00023160,20141216,0
GHCND:USW00023160,20141217,84
GHCND:USW00023160,20141218,3
GHCND:USW00023160,20141219,0
GHCND:USW00023160,20141220,0
GHCND:USW00023160,20141221,0
GHCND:USW00023160,20141222,0
GHCND:USW00023160,20141223,0
GHCND:USW00023160,20141224,0
GHCND:USW00023160,20141225,41
GHCND:USW00023160,20141226,0
GHCND:USW00023160,20141227,0
GHCND:USW00023160,20141228,0
GHCND:USW00023160,20141229,0
GHCND:USW00023160,20141230,0
GHCND:USW00023160,20141231,137
GHCND:USW00023160,20150101,0
GHCND:USW00023160,20150102,0
GHCND:USW00023160,20150103,0
GHCND:USW00023160,20150104,0
GHCND:USW00023160,20150105,0
GHCND:USW00023160,20150106,0
GHCND:USW00023160,20150107,0
GHCND:USW00023160,20150108,64
GHCND:USW00023160,20150109,0
GHCND:USW00023160,20150110,0
GHCND:USW00023160,20150111,0
GHCND:USW00023160,20150112,15
GHCND:USW00023160,20150113,0
GHCND:USW00023160,20150114,0
GHCND:USW00023160,20150115,0
GHCND:USW00023160,20150116,0
GHCND:USW00023160,20150117,0
GHCND:USW00023160,20150118,0
GHCND:USW00023160,20150119,0
GHCND:USW00023160,20150120,0
GHCND:USW00023160,20150121,0
GHCND:USW00023160,20150122,0
GHCND:USW00023160,20150123,0
GHCND:USW00023160,20150124,0
GHCND:USW00023160,20150125,0
GHCND:USW00023160,20150126,0
GHCND:USW00023160,20150127,15
GHCND:USW00023160,20150128,0
GHCND:USW00023160,20150129,3
GHCND:USW00023160,20150130,353
GHCND:USW00023160,20150131,196
GHCND:USW00023160,20150201,5
GHCND:USW00023160,20150202,0
GHCND:USW00023160,20150203,0
GHCND:USW00023160,20150204,0
GHCND:USW00023160,20150205,0
GHCND:USW00023160,20150206,0
GHCND:USW00023160,20150207,0
GHCND:USW00023160,20150208,0
GHCND:USW00023160,20150209,0
GHCND:USW00023160,20150210,0
GHCND:USW00023160,20150211,0
GHCND:USW00023160,20150212,0
GHCND:USW00023160,20150213,0
GHCND:USW00023160,20150214,0
GHCND:USW00023160,20150215,25
GHCND:USW00023160,20150216,0
GHCND:USW00023160,20150217,0
GHCND:USW00023160,20150218,0
GHCND:USW00023160,20150219,0
GHCND:USW00023160,20150220,0
GHCND:USW00023160,20150221,0
GHCND:USW00023160,20150222,0
GHCND:USW00023160,20150223,0
GHCND:USW00023160,20150224,74
GHCND:USW00023160,20150225,0
GHCND:USW00023160,20150226,0
GHCND:USW00023160,20150227,0
GHCND:USW00023160,20150228,0
GHCND:USW00023160,20150301,0
GHCND:USW00023160,20150302,86
GHCND:USW00023160,20150303,0
GHCND:USW00023160,20150304,0
GHCND:USW00023160,20150305,0
GHCND:USW00023160,20150306,0
GHCND:USW00023160,20150307,0
GHCND:USW00023160,20150308,0
GHCND:USW00023160,20150309,0
GHCND:USW00023160,20150310,0
GHCND:USW00023160,20150311,0
GHCND:USW00023160,20150312,0
GHCND:USW00023160,20150313,0
GHCND:USW00023160,20150314,0
GHCND:USW00023160,20150315,0
GHCND:USW00023160,20150316,0
GHCND:USW00023160,20150317,0
GHCND:USW00023160,20150318,36
GHCND:USW00023160,20150319,5
GHCND:USW00023160,20150320,0
GHCND:USW00023160,20150321,0
GHCND:USW00023160,20150322,0
GHCND:USW00023160,20150323,0
GHCND:USW00023160,20150324,0
GHCND:USW00023160,20150325,0
GHCND:USW00023160,20150326,0
GHCND:USW00023160,20150327,0
GHCND:USW00023160,20150328,0
GHCND:USW00023160,20150329,0
GHCND:USW00023160,20150330,0
GHCND:USW00023160,20150331,0
GHCND:USW00023160,20150401,0
GHCND:USW00023160,20150402,0
GHCND:USW00023160,20150403,0
GHCND:USW00023160,20150404,0
GHCND:USW00023160,20150405,0
GHCND:USW00023160,20150406,0
GHCND:USW00023160,20150407,0
GHCND:USW00023160,20150408,0
GHCND:USW00023160,20150409,0
GHCND:USW00023160,20150410,0
GHCND:USW00023160,20150411,0
GHCND:USW00023160,20150412,0
GHCND:USW00023160,20150413,0
GHCND:USW00023160,20150414,0
GHCND:USW00023160,20150415,0
GHCND:USW00023160,20150416,0
GHCND:USW00023160,20150417,0
GHCND:USW00023160,20150418,0
GHCND:USW00023160,20150419,0
GHCND:USW00023160,20150420,0
GHCND:USW00023160,20150421,0
GHCND:USW00023160,20150422,0
GHCND:USW00023160,20150423,0
GHCND:USW00023160,20150424,0
GHCND:USW00023160,20150425,0
GHCND:USW00023160,20150426,41
GHCND:USW00023160,20150427,0
GHCND:USW00023160,20150428,0
GHCND:USW00023160,20150429,0
GHCND:USW00023160,20150430,0
GHCND:USW00023160,20150501,0
GHCND:USW00023160,20150502,0
GHCND:USW00023160,20150503,0
GHCND:USW00023160,20150504,8
GHCND:USW00023160,20150505,0
GHCND:USW00023160,20150506,0
GHCND:USW00023160,20150507,0
GHCND:USW00023160,20150508,0
GHCND:USW00023160,20150509,0
GHCND:USW00023160,20150510,0
GHCND:USW00023160,20150511,0
GHCND:USW00023160,20150512,0
GHCND:USW00023160,20150513,0
GHCND:USW00023160,20150514,0
GHCND:USW00023160,20150515,0
GHCND:USW00023160,20150516,15
GHCND:USW00023160,20150517,0
GHCND:USW00023160,20150518,0
GHCND:USW00023160,20150519,0
GHCND:USW00023160,20150520,0
GHCND:USW00023160,20150521,0
GHCND:USW00023160,20150522,0
GHCND:USW00023160,20150523,0
GHCND:USW00023160,20150524,0
GHCND:USW00023160,20150525,0
GHCND:USW00023160,20150526,0
GHCND:USW00023160,20150527,0
GHCND:USW00023160,20150528,0
GHCND:USW00023160,20150529,0
GHCND:USW00023160,20150530,0
GHCND:USW00023160,20150531,0
GHCND:USW00023160,20150601,0
GHCND:USW00023160,20150602,0
GHCND:USW00023160,20150603,0
GHCND:USW00023160,20150604,0
GHCND:USW00023160,20150605,0
GHCND:USW00023160,20150606,0
GHCND:USW00023160,20150607,0
GHCND:USW00023160,20150608,5
GHCND:USW00023160,20150609,48
GHCND:USW00023160,20150610,0
GHCND:USW00023160,20150611,0
GHCND:USW00023160,20150612,0
GHCND:USW00023160,20150613,0
GHCND:USW00023160,20150614,0
GHCND:USW00023160,20150615,0
GHCND:USW00023160,20150616,0
GHCND:USW00023160,20150617,0
GHCND:USW00023160,20150618,0
GHCND:USW00023160,20150619,0
GHCND:USW00023160,20150620,0
GHCND:USW00023160,20150621,0
GHCND:USW00023160,20150622,0
GHCND:USW00023160,20150623,0
GHCND:USW00023160,20150624,0
GHCND:USW00023160,20150625,0
GHCND:USW00023160,20150626,53
GHCND:USW00023160,20150627,13
GHCND:USW00023160,20150628,0
GHCND:USW00023160,20150629,0
GHCND:USW00023160,20150630,23
GHCND:USW00023160,20150701,0
GHCND:USW00023160,20150702,0
GHCND:USW00023160,20150703,0
GHCND:USW00023160,20150704,0
GHCND:USW00023160,20150705,0
GHCND:USW00023160,20150706,0
GHCND:USW00023160,20150707,0
GHCND:USW00023160,20150708,0
GHCND:USW00023160,20150709,0
GHCND:USW00023160,20150710,0
GHCND:USW00023160,20150711,0
GHCND:USW00023160,20150712,5
GHCND:USW00023160,20150713,0
GHCND:USW00023160,20150714,43
GHCND:USW00023160,20150715,64
GHCND:USW00023160,20150716,3
GHCND:USW00023160,20150717,0
GHCND:USW00023160,20150718,0
GHCND:USW00023160,20150719,0
GHCND:USW00023160,20150720,0
GHCND:USW00023160,20150721,0
GHCND:USW00023160,20150722,0
GHCND:USW00023160,20150723,18
GHCND:USW00023160,20150724,0
GHCND:USW00023160,20150725,0
GHCND:USW00023160,20150726,0
GHCND:USW00023160,20150727,0
GHCND:USW00023160,20150728,378
GHCND:USW00023160,20150729,15
GHCND:USW00023160,20150730,0
GHCND:USW00023160,20150731,3
GHCND:USW00023160,20150801,86
GHCND:USW00023160,20150802,0
GHCND:USW00023160,20150803,0
GHCND:USW00023160,20150804,0
GHCND:USW00023160,20150805,0
GHCND:USW00023160,20150806,0
GHCND:USW00023160,20150807,86
GHCND:USW00023160,20150808,0
GHCND:USW00023160,20150809,0
GHCND:USW00023160,20150810,8
GHCND:USW00023160,20150811,48
GHCND:USW00023160,20150812,0
GHCND:USW00023160,20150813,0
GHCND:USW00023160,20150814,0
GHCND:USW00023160,20150815,0
GHCND:USW00023160,20150816,0
GHCND:USW00023160,20150817,0
GHCND:USW00023160,20150818,0
GHCND:USW00023160,20150819,0
GHCND:USW00023160,20150820,0
GHCND:USW00023160,20150821,0
GHCND:USW00023160,20150822,46
GHCND:USW00023160,20150823,0
GHCND:USW00023160,20150824,89
GHCND:USW00023160,20150825,20
GHCND:USW00023160,20150826,0
GHCND:USW00023160,20150827,0
GHCND:USW00023160,20150828,0
GHCND:USW00023160,20150829,0
GHCND:USW00023160,20150830,0
GHCND:USW00023160,20150831,74
GHCND:USW00023160,20150901,119
GHCND:USW00023160,20150902,0
GHCND:USW00023160,20150903,56
GHCND:USW00023160,20150904,0
GHCND:USW00023160,20150905,23
GHCND:USW00023160,20150906,0
GHCND:USW00023160,20150907,0
GHCND:USW00023160,20150908,0
GHCND:USW00023160,20150909,0
GHCND:USW00023160,20150910,28
GHCND:USW00023160,20150911,0
GHCND:USW00023160,20150912,0
GHCND:USW00023160,20150913,0
GHCND:USW00023160,20150914,0
GHCND:USW00023160,20150915,0
GHCND:USW00023160,20150916,0
GHCND:USW00023160,20150917,0
GHCND:USW00023160,20150919,0
GHCND:USW00023160,20150920,0
GHCND:USW00023160,20150921,264
GHCND:USW00023160,20150922,119
